tag,v25,median,v75,Category,round
s1n_0,10,10,10,s1,0
s1n_1,0,0,0,s1,1
s1n_2,0,0,0,s1,2
s1n_3,5,5.999999999999999,9,s1,3
s1n_4,2.9999999999999996,4,5.999999999999999,s1,4
s1n_5,2,2.9999999999999996,4,s1,5
s1n_6,5,7,10,s1,6
s1n_7,5.999999999999999,8,11.999999999999998,s1,7
s1n_8,5,8,11,s1,8
s1n_9,8,11,15,s1,9
s1n_10,10,15,20,s1,10
s1n_11,11,16,22,s1,11
s1n_12,14,20,27,s1,12
s1n_13,17,25,35,s1,13
s1n_14,21,30,41,s1,14
s1n_15,26,37,49.25,s1,15
s1n_16,32,45,60,s1,16
s1n_17,38,54,74,s1,17
s1n_18,46.75,66,89,s1,18
s1n_19,57,77,106.25000000000001,s1,19
s1n_20,69,95,127,s1,20
s1n_21,81,114,150,s1,21
s1n_22,99.00000000000001,132,174,s1,22
s1n_23,114,158.00000000000003,204.00000000000003,s1,23
s1n_24,137,181.00000000000003,236,s1,24
s1n_25,159,208,266,s1,25
s1n_26,185.99999999999997,240,298,s1,26
s1n_27,212.75,270,325.25,s1,27
s1n_28,244.00000000000003,298.5,352,s1,28
s1n_29,269.75,325,368,s1,29
s1n_30,296,343.5,379.00000000000006,s1,30
s1n_31,318,357,383.99999999999994,s1,31
s1n_32,331,359,385,s1,32
s1n_33,329,357,382,s1,33
s1n_34,323,351,374,s1,34
s1n_35,303,337,364,s1,35
s1n_36,284.75,325,352.25,s1,36
s1n_37,256,303,337,s1,37
s1n_38,221.75,275,318,s1,38
s1n_39,197,245,297.25,s1,39
s1n_40,168,216,269.25,s1,40
s1n_41,145,189,242,s1,41
s1n_42,122.00000000000001,162.99999999999997,213,s1,42
s1n_43,102.00000000000001,138,184.25,s1,43
s1n_44,84,116.5,158.00000000000003,s1,44
s1n_45,70,100,137,s1,45
s1n_46,59,83,116.25,s1,46
s1n_47,47.99999999999999,70,99.00000000000001,s1,47
s1n_48,40,57.99999999999999,83,s1,48
s1n_49,34,47.99999999999999,71.25,s1,49
s1n_50,28,39,59,s1,50
s1n_51,23,34,49,s1,51
s1n_52,18,28,42,s1,52
s1n_53,15,23,34,s1,53
s1n_54,13,19,28.999999999999996,s1,54
s1n_55,10,16,23.999999999999996,s1,55
s1n_56,8,13,20,s1,56
s1n_57,7,11,17,s1,57
s1n_58,5,9,14,s1,58
s1n_59,4,7.5,11.999999999999998,s1,59
s1n_60,2.9999999999999996,5.999999999999999,10,s1,60
s1n_61,2,5,8,s1,61
s1n_62,2,4,7,s1,62
s1n_63,2,2.9999999999999996,5.999999999999999,s1,63
s1n_64,1,2.9999999999999996,5,s1,64
s1n_65,1,2,4,s1,65
s1n_66,1,2,2.9999999999999996,s1,66
s1n_67,0,1,2.9999999999999996,s1,67
s1n_68,0,1,2,s1,68
s1n_69,0,1,2,s1,69
s1n_70,0,1,2,s1,70
s1n_71,0,1,2,s1,71
s1n_72,0,0,1,s1,72
s1n_73,0,0,1,s1,73
s1n_74,0,0,1,s1,74
s1n_75,0,0,1,s1,75
s1n_76,0,0,1,s1,76
s1n_77,0,0,0,s1,77
s1n_78,0,0,0,s1,78
s1n_79,0,0,0,s1,79
s1n_80,0,0,0,s1,80
s1n_81,0,0,0,s1,81
s1n_82,0,0,0,s1,82
s1n_83,0,0,0,s1,83
s1n_84,0,0,0,s1,84
s1n_85,0,0,0,s1,85
s1n_86,0,0,0,s1,86
s1n_87,0,0,0,s1,87
s1n_88,0,0,0,s1,88
s1n_89,0,0,0,s1,89
s1n_90,0,0,0,s1,90
s1n_91,0,0,0,s1,91
s1n_92,0,0,0,s1,92
s1n_93,0,0,0,s1,93
s1n_94,0,0,0,s1,94
s1n_95,0,0,0,s1,95
s1n_96,0,0,0,s1,96
s1n_97,0,0,0,s1,97
s1n_98,0,0,0,s1,98
s1n_99,0,0,0,s1,99
s1n_100,0,0,0,s1,100
s1n_101,0,0,0,s1,101
s1n_102,0,0,0,s1,102
s1n_103,0,0,0,s1,103
s1n_104,0,0,0,s1,104
s1n_105,0,0,0,s1,105
s1n_106,0,0,0,s1,106
s1n_107,0,0,0,s1,107
s1n_108,0,0,0,s1,108
s1n_109,0,0,0,s1,109
s1n_110,0,0,0,s1,110
s1n_111,0,0,0,s1,111
s1n_112,0,0,0,s1,112
s1n_113,0,0,0,s1,113
s1n_114,0,0,0,s1,114
s1n_115,0,0,0,s1,115
s1n_116,0,0,0,s1,116
s1n_117,0,0,0,s1,117
s1n_118,0,0,0,s1,118
s1n_119,0,0,0,s1,119
s1n_120,0,0,0,s1,120
s1n_121,0,0,0,s1,121
s1n_122,0,0,0,s1,122
s1n_123,0,0,0,s1,123
s1n_124,0,0,0,s1,124
s1n_125,0,0,0,s1,125
s1n_126,0,0,0,s1,126
s1n_127,0,0,0,s1,127
s1n_128,0,0,0,s1,128
s1n_129,0,0,0,s1,129
s1n_130,0,0,0,s1,130
s1n_131,0,0,0,s1,131
s1n_132,0,0,0,s1,132
s1n_133,0,0,0,s1,133
s1n_134,0,0,0,s1,134
s1n_135,0,0,0,s1,135
s1n_136,0,0,0,s1,136
s1n_137,0,0,0,s1,137
s1n_138,0,0,0,s1,138
s1n_139,0,0,0,s1,139
s1n_140,0,0,0,s1,140
s1n_141,0,0,0,s1,141
s1n_142,0,0,0,s1,142
s1n_143,0,0,0,s1,143
s1n_144,0,0,0,s1,144
s1n_145,0,0,0,s1,145
s1n_146,0,0,0,s1,146
s1n_147,0,0,0,s1,147
s1n_148,0,0,0,s1,148
s1n_149,0,0,0,s1,149
s1n_150,0,0,0,s1,150
s3n_0,10,10,10,s3,0
s3n_1,0,0,0,s3,1
s3n_2,0,0,0,s3,2
s3n_3,2,2.9999999999999996,5,s3,3
s3n_4,1,2,4,s3,4
s3n_5,0,1,2,s3,5
s3n_6,1,2,4,s3,6
s3n_7,2,2.9999999999999996,5,s3,7
s3n_8,1,2.9999999999999996,4,s3,8
s3n_9,1,2.9999999999999996,5,s3,9
s3n_10,2,2.9999999999999996,5.999999999999999,s3,10
s3n_11,2,4,5.999999999999999,s3,11
s3n_12,2,4,7,s3,12
s3n_13,2,4,7,s3,13
s3n_14,2,5,8,s3,14
s3n_15,2.9999999999999996,5,9,s3,15
s3n_16,2.9999999999999996,5.999999999999999,11,s3,16
s3n_17,2.9999999999999996,7,11,s3,17
s3n_18,2.9999999999999996,7,13,s3,18
s3n_19,4,8,14,s3,19
s3n_20,4,9,16,s3,20
s3n_21,5,10,17.25,s3,21
s3n_22,5,11,19,s3,22
s3n_23,5,11.999999999999998,20,s3,23
s3n_24,5.999999999999999,13.5,23,s3,24
s3n_25,7,14,25,s3,25
s3n_26,8,16,27,s3,26
s3n_27,8,18,30,s3,27
s3n_28,9,19,33,s3,28
s3n_29,10,21,36,s3,29
s3n_30,10,23,39,s3,30
s3n_31,11.999999999999998,25,42,s3,31
s3n_32,13,27,46,s3,32
s3n_33,14,28.999999999999996,50,s3,33
s3n_34,16,32,51.00000000000001,s3,34
s3n_35,17,35,57,s3,35
s3n_36,18,37,59,s3,36
s3n_37,19.750000000000004,39,64,s3,37
s3n_38,22,41,67,s3,38
s3n_39,23,45,71,s3,39
s3n_40,25,47,74,s3,40
s3n_41,27,51.00000000000001,78,s3,41
s3n_42,28.999999999999996,54,80.25000000000001,s3,42
s3n_43,30,57.99999999999999,84,s3,43
s3n_44,34,61.00000000000001,87,s3,44
s3n_45,36,64,91,s3,45
s3n_46,38,66,92.99999999999999,s3,46
s3n_47,41,68,94,s3,47
s3n_48,44.75,71,94,s3,48
s3n_49,44,73,97,s3,49
s3n_50,47,75,95.99999999999999,s3,50
s3n_51,51.00000000000001,77,97,s3,51
s3n_52,52,78,97,s3,52
s3n_53,56,79.00000000000001,97,s3,53
s3n_54,55.75,78,94,s3,54
s3n_55,57.99999999999999,78,92.99999999999999,s3,55
s3n_56,58.75,78,94,s3,56
s3n_57,57.99999999999999,76.5,91,s3,57
s3n_58,59,75,89.25,s3,58
s3n_59,57,74,88.25,s3,59
s3n_60,57,72,87,s3,60
s3n_61,55,71,87,s3,61
s3n_62,54,70.5,86,s3,62
s3n_63,53,68,84,s3,63
s3n_64,51.00000000000001,67,81,s3,64
s3n_65,48.75,65,81,s3,65
s3n_66,47,62,78,s3,66
s3n_67,45,60,77,s3,67
s3n_68,42,57.99999999999999,75,s3,68
s3n_69,41,56,72.25,s3,69
s3n_70,37,55,71,s3,70
s3n_71,35,52,68,s3,71
s3n_72,32,50,67.25,s3,72
s3n_73,30,47,65,s3,73
s3n_74,28,45,63,s3,74
s3n_75,26,43,61.00000000000001,s3,75
s3n_76,23.999999999999996,39.50000000000001,59,s3,76
s3n_77,23,38,57,s3,77
s3n_78,21,36,55.25000000000001,s3,78
s3n_79,19,32.5,53,s3,79
s3n_80,17,30,50,s3,80
s3n_81,16,28.999999999999996,49.25,s3,81
s3n_82,14,27,46,s3,82
s3n_83,13,23.999999999999996,42,s3,83
s3n_84,11.999999999999998,22,41,s3,84
s3n_85,11,21,38,s3,85
s3n_86,10,19,36,s3,86
s3n_87,9,18,33,s3,87
s3n_88,8,16,33,s3,88
s3n_89,7,15,28.999999999999996,s3,89
s3n_90,5.999999999999999,14,28,s3,90
s3n_91,5.999999999999999,13,26,s3,91
s3n_92,5,11.999999999999998,24.25,s3,92
s3n_93,5,11,22,s3,93
s3n_94,4,10,20,s3,94
s3n_95,4,9,20,s3,95
s3n_96,2.9999999999999996,8,18,s3,96
s3n_97,2.9999999999999996,8,16.25,s3,97
s3n_98,2.9999999999999996,7,15,s3,98
s3n_99,2,5.999999999999999,14,s3,99
s3n_100,2,5.999999999999999,13,s3,100
s3n_101,2,5,11.999999999999998,s3,101
s3n_102,2,5,11,s3,102
s3n_103,2,4,10,s3,103
s3n_104,1,4,9,s3,104
s3n_105,1,4,9,s3,105
s3n_106,1,2.9999999999999996,8,s3,106
s3n_107,1,2.9999999999999996,7,s3,107
s3n_108,1,2.9999999999999996,7,s3,108
s3n_109,1,2,5.999999999999999,s3,109
s3n_110,0,2,5.999999999999999,s3,110
s3n_111,0,2,5.999999999999999,s3,111
s3n_112,0,2,5,s3,112
s3n_113,0,2,5,s3,113
s3n_114,0,1,4,s3,114
s3n_115,0,1,4,s3,115
s3n_116,0,1,4,s3,116
s3n_117,0,1,2.9999999999999996,s3,117
s3n_118,0,1,2.9999999999999996,s3,118
s3n_119,0,1,2.9999999999999996,s3,119
s3n_120,0,1,2.9999999999999996,s3,120
s3n_121,0,1,2,s3,121
s3n_122,0,0,2,s3,122
s3n_123,0,0,2,s3,123
s3n_124,0,0,2,s3,124
s3n_125,0,0,2,s3,125
s3n_126,0,0,2,s3,126
s3n_127,0,0,1.25,s3,127
s3n_128,0,0,1,s3,128
s3n_129,0,0,1,s3,129
s3n_130,0,0,1,s3,130
s3n_131,0,0,1,s3,131
s3n_132,0,0,1,s3,132
s3n_133,0,0,1,s3,133
s3n_134,0,0,1,s3,134
s3n_135,0,0,1,s3,135
s3n_136,0,0,1,s3,136
s3n_137,0,0,0,s3,137
s3n_138,0,0,0,s3,138
s3n_139,0,0,0,s3,139
s3n_140,0,0,0,s3,140
s3n_141,0,0,0,s3,141
s3n_142,0,0,0,s3,142
s3n_143,0,0,0,s3,143
s3n_144,0,0,0,s3,144
s3n_145,0,0,0,s3,145
s3n_146,0,0,0,s3,146
s3n_147,0,0,0,s3,147
s3n_148,0,0,0,s3,148
s3n_149,0,0,0,s3,149
s3n_150,0,0,0,s3,150
s5n_0,10,10,10,s5,0
s5n_1,0,0,0,s5,1
s5n_2,0,0,0,s5,2
s5n_3,0,1,1,s5,3
s5n_4,0,0,1,s5,4
s5n_5,0,0,1,s5,5
s5n_6,0,0,0.25,s5,6
s5n_7,0,0,0,s5,7
s5n_8,0,0,0,s5,8
s5n_9,0,0,0,s5,9
s5n_10,0,0,0,s5,10
s5n_11,0,0,0,s5,11
s5n_12,0,0,0,s5,12
s5n_13,0,0,0,s5,13
s5n_14,0,0,0,s5,14
s5n_15,0,0,0,s5,15
s5n_16,0,0,0,s5,16
s5n_17,0,0,0,s5,17
s5n_18,0,0,0,s5,18
s5n_19,0,0,0,s5,19
s5n_20,0,0,0,s5,20
s5n_21,0,0,0,s5,21
s5n_22,0,0,0,s5,22
s5n_23,0,0,0,s5,23
s5n_24,0,0,0,s5,24
s5n_25,0,0,0,s5,25
s5n_26,0,0,0,s5,26
s5n_27,0,0,0,s5,27
s5n_28,0,0,0,s5,28
s5n_29,0,0,0,s5,29
s5n_30,0,0,0,s5,30
s5n_31,0,0,0,s5,31
s5n_32,0,0,0,s5,32
s5n_33,0,0,0,s5,33
s5n_34,0,0,0,s5,34
s5n_35,0,0,0,s5,35
s5n_36,0,0,0,s5,36
s5n_37,0,0,0,s5,37
s5n_38,0,0,0,s5,38
s5n_39,0,0,0,s5,39
s5n_40,0,0,0,s5,40
s5n_41,0,0,0,s5,41
s5n_42,0,0,0,s5,42
s5n_43,0,0,0,s5,43
s5n_44,0,0,0,s5,44
s5n_45,0,0,0,s5,45
s5n_46,0,0,0,s5,46
s5n_47,0,0,0,s5,47
s5n_48,0,0,0,s5,48
s5n_49,0,0,0,s5,49
s5n_50,0,0,0,s5,50
s5n_51,0,0,0,s5,51
s5n_52,0,0,0,s5,52
s5n_53,0,0,0,s5,53
s5n_54,0,0,0,s5,54
s5n_55,0,0,0,s5,55
s5n_56,0,0,0,s5,56
s5n_57,0,0,0,s5,57
s5n_58,0,0,0,s5,58
s5n_59,0,0,0,s5,59
s5n_60,0,0,0,s5,60
s5n_61,0,0,0,s5,61
s5n_62,0,0,0,s5,62
s5n_63,0,0,0,s5,63
s5n_64,0,0,0,s5,64
s5n_65,0,0,0,s5,65
s5n_66,0,0,0,s5,66
s5n_67,0,0,0,s5,67
s5n_68,0,0,0,s5,68
s5n_69,0,0,0,s5,69
s5n_70,0,0,0,s5,70
s5n_71,0,0,0,s5,71
s5n_72,0,0,0,s5,72
s5n_73,0,0,0,s5,73
s5n_74,0,0,0,s5,74
s5n_75,0,0,0,s5,75
s5n_76,0,0,0,s5,76
s5n_77,0,0,0,s5,77
s5n_78,0,0,0,s5,78
s5n_79,0,0,0,s5,79
s5n_80,0,0,0,s5,80
s5n_81,0,0,0,s5,81
s5n_82,0,0,0,s5,82
s5n_83,0,0,0,s5,83
s5n_84,0,0,0,s5,84
s5n_85,0,0,0,s5,85
s5n_86,0,0,0,s5,86
s5n_87,0,0,0,s5,87
s5n_88,0,0,0,s5,88
s5n_89,0,0,0,s5,89
s5n_90,0,0,0,s5,90
s5n_91,0,0,0,s5,91
s5n_92,0,0,0,s5,92
s5n_93,0,0,0,s5,93
s5n_94,0,0,0,s5,94
s5n_95,0,0,0,s5,95
s5n_96,0,0,0,s5,96
s5n_97,0,0,0,s5,97
s5n_98,0,0,0,s5,98
s5n_99,0,0,0,s5,99
s5n_100,0,0,0,s5,100
s5n_101,0,0,0,s5,101
s5n_102,0,0,0,s5,102
s5n_103,0,0,0,s5,103
s5n_104,0,0,0,s5,104
s5n_105,0,0,0,s5,105
s5n_106,0,0,0,s5,106
s5n_107,0,0,0,s5,107
s5n_108,0,0,0,s5,108
s5n_109,0,0,0,s5,109
s5n_110,0,0,0,s5,110
s5n_111,0,0,0,s5,111
s5n_112,0,0,0,s5,112
s5n_113,0,0,0,s5,113
s5n_114,0,0,0,s5,114
s5n_115,0,0,0,s5,115
s5n_116,0,0,0,s5,116
s5n_117,0,0,0,s5,117
s5n_118,0,0,0,s5,118
s5n_119,0,0,0,s5,119
s5n_120,0,0,0,s5,120
s5n_121,0,0,0,s5,121
s5n_122,0,0,0,s5,122
s5n_123,0,0,0,s5,123
s5n_124,0,0,0,s5,124
s5n_125,0,0,0,s5,125
s5n_126,0,0,0,s5,126
s5n_127,0,0,0,s5,127
s5n_128,0,0,0,s5,128
s5n_129,0,0,0,s5,129
s5n_130,0,0,0,s5,130
s5n_131,0,0,0,s5,131
s5n_132,0,0,0,s5,132
s5n_133,0,0,0,s5,133
s5n_134,0,0,0,s5,134
s5n_135,0,0,0,s5,135
s5n_136,0,0,0,s5,136
s5n_137,0,0,0,s5,137
s5n_138,0,0,0,s5,138
s5n_139,0,0,0,s5,139
s5n_140,0,0,0,s5,140
s5n_141,0,0,0,s5,141
s5n_142,0,0,0,s5,142
s5n_143,0,0,0,s5,143
s5n_144,0,0,0,s5,144
s5n_145,0,0,0,s5,145
s5n_146,0,0,0,s5,146
s5n_147,0,0,0,s5,147
s5n_148,0,0,0,s5,148
s5n_149,0,0,0,s5,149
s5n_150,0,0,0,s5,150
s6n_0,10,10,10,s6,0
s6n_1,0,0,0,s6,1
s6n_2,0,0,0,s6,2
s6n_3,2.9999999999999996,5,5.999999999999999,s6,3
s6n_4,2,2.9999999999999996,4,s6,4
s6n_5,1,2,2.9999999999999996,s6,5
s6n_6,2,4,5.999999999999999,s6,6
s6n_7,2.9999999999999996,5,7,s6,7
s6n_8,2,4,5.999999999999999,s6,8
s6n_9,2.9999999999999996,5,8,s6,9
s6n_10,4,5.999999999999999,9,s6,10
s6n_11,4,7,10,s6,11
s6n_12,5,8,11,s6,12
s6n_13,5.999999999999999,9,13,s6,13
s6n_14,5.999999999999999,10,14,s6,14
s6n_15,7,11,16,s6,15
s6n_16,8,13,18,s6,16
s6n_17,10,15,21,s6,17
s6n_18,11,16,23.999999999999996,s6,18
s6n_19,11.999999999999998,18,26,s6,19
s6n_20,14,21,30,s6,20
s6n_21,15,23,33,s6,21
s6n_22,17,26,38,s6,22
s6n_23,20,30,42.24999999999999,s6,23
s6n_24,22,34,47,s6,24
s6n_25,23.999999999999996,38,52,s6,25
s6n_26,28,42,59,s6,26
s6n_27,32,47,64,s6,27
s6n_28,36,53,73,s6,28
s6n_29,39,57,80,s6,29
s6n_30,44,66,87,s6,30
s6n_31,50,72,98,s6,31
s6n_32,56,80,104,s6,32
s6n_33,63,89,115.99999999999999,s6,33
s6n_34,68,99.00000000000001,126,s6,34
s6n_35,75,108,136,s6,35
s6n_36,85,115,146,s6,36
s6n_37,92.99999999999999,126,156,s6,37
s6n_38,100,134.5,165.25000000000003,s6,38
s6n_39,108,142,174,s6,39
s6n_40,120,152,183,s6,40
s6n_41,129,162.99999999999997,190,s6,41
s6n_42,138,169.5,194,s6,42
s6n_43,147,175.00000000000003,198.00000000000003,s6,43
s6n_44,155,182,200.25,s6,44
s6n_45,161,184,201,s6,45
s6n_46,168,187,203,s6,46
s6n_47,170,185.99999999999997,201,s6,47
s6n_48,170,185,200,s6,48
s6n_49,168.99999999999997,185,200,s6,49
s6n_50,164,182,198.00000000000003,s6,50
s6n_51,160,178,195,s6,51
s6n_52,153,174,191.99999999999997,s6,52
s6n_53,146,168.49999999999997,189,s6,53
s6n_54,137,162.99999999999997,184,s6,54
s6n_55,127,154,179,s6,55
s6n_56,119.00000000000001,148,174,s6,56
s6n_57,107,137,167,s6,57
s6n_58,100,126,159.25000000000003,s6,58
s6n_59,90,119.00000000000001,150,s6,59
s6n_60,82,107.49999999999999,142,s6,60
s6n_61,73.75,99.00000000000001,133,s6,61
s6n_62,66,90,125,s6,62
s6n_63,59,81,112.24999999999999,s6,63
s6n_64,53,73,103,s6,64
s6n_65,46,66,94,s6,65
s6n_66,41,61.00000000000001,86,s6,66
s6n_67,36,53,78,s6,67
s6n_68,32,47.99999999999999,70,s6,68
s6n_69,28.999999999999996,43,63,s6,69
s6n_70,26,38,57,s6,70
s6n_71,22,33,53,s6,71
s6n_72,20,30,46,s6,72
s6n_73,17,26,40.25,s6,73
s6n_74,15,23,37,s6,74
s6n_75,13,20,33,s6,75
s6n_76,11,18,28.999999999999996,s6,76
s6n_77,10,16,26,s6,77
s6n_78,8,14,22,s6,78
s6n_79,7.750000000000001,11.999999999999998,21,s6,79
s6n_80,7,11,18,s6,80
s6n_81,5.999999999999999,10,16.25,s6,81
s6n_82,5,9,14,s6,82
s6n_83,4,7,11.999999999999998,s6,83
s6n_84,2.9999999999999996,7,11,s6,84
s6n_85,2.9999999999999996,5.999999999999999,10,s6,85
s6n_86,2.9999999999999996,5,9,s6,86
s6n_87,2,5,8,s6,87
s6n_88,2,4,7,s6,88
s6n_89,1,2.9999999999999996,5.999999999999999,s6,89
s6n_90,1,2.9999999999999996,5.999999999999999,s6,90
s6n_91,1,2.9999999999999996,5,s6,91
s6n_92,1,2,4,s6,92
s6n_93,1,2,4,s6,93
s6n_94,0.7500000000000001,2,2.9999999999999996,s6,94
s6n_95,0,2,2.9999999999999996,s6,95
s6n_96,0,1,2.9999999999999996,s6,96
s6n_97,0,1,2.9999999999999996,s6,97
s6n_98,0,1,2,s6,98
s6n_99,0,1,2,s6,99
s6n_100,0,1,2,s6,100
s6n_101,0,0,1,s6,101
s6n_102,0,0,1,s6,102
s6n_103,0,0,1,s6,103
s6n_104,0,0,1,s6,104
s6n_105,0,0,1,s6,105
s6n_106,0,0,1,s6,106
s6n_107,0,0,1,s6,107
s6n_108,0,0,1,s6,108
s6n_109,0,0,0,s6,109
s6n_110,0,0,0,s6,110
s6n_111,0,0,0,s6,111
s6n_112,0,0,0,s6,112
s6n_113,0,0,0,s6,113
s6n_114,0,0,0,s6,114
s6n_115,0,0,0,s6,115
s6n_116,0,0,0,s6,116
s6n_117,0,0,0,s6,117
s6n_118,0,0,0,s6,118
s6n_119,0,0,0,s6,119
s6n_120,0,0,0,s6,120
s6n_121,0,0,0,s6,121
s6n_122,0,0,0,s6,122
s6n_123,0,0,0,s6,123
s6n_124,0,0,0,s6,124
s6n_125,0,0,0,s6,125
s6n_126,0,0,0,s6,126
s6n_127,0,0,0,s6,127
s6n_128,0,0,0,s6,128
s6n_129,0,0,0,s6,129
s6n_130,0,0,0,s6,130
s6n_131,0,0,0,s6,131
s6n_132,0,0,0,s6,132
s6n_133,0,0,0,s6,133
s6n_134,0,0,0,s6,134
s6n_135,0,0,0,s6,135
s6n_136,0,0,0,s6,136
s6n_137,0,0,0,s6,137
s6n_138,0,0,0,s6,138
s6n_139,0,0,0,s6,139
s6n_140,0,0,0,s6,140
s6n_141,0,0,0,s6,141
s6n_142,0,0,0,s6,142
s6n_143,0,0,0,s6,143
s6n_144,0,0,0,s6,144
s6n_145,0,0,0,s6,145
s6n_146,0,0,0,s6,146
s6n_147,0,0,0,s6,147
s6n_148,0,0,0,s6,148
s6n_149,0,0,0,s6,149
s6n_150,0,0,0,s6,150
s7n_0,10,10,10,s7,0
s7n_1,0,0,0,s7,1
s7n_2,0,0,0,s7,2
s7n_3,2,2.9999999999999996,5,s7,3
s7n_4,1,2,2.9999999999999996,s7,4
s7n_5,1,1,2,s7,5
s7n_6,1,2,4,s7,6
s7n_7,1,2.9999999999999996,4,s7,7
s7n_8,1,2,4,s7,8
s7n_9,1,2.9999999999999996,4,s7,9
s7n_10,1,2.9999999999999996,5,s7,10
s7n_11,1,2.9999999999999996,5,s7,11
s7n_12,1,2.9999999999999996,5,s7,12
s7n_13,2,2.9999999999999996,5.25,s7,13
s7n_14,2,2.9999999999999996,5.999999999999999,s7,14
s7n_15,2,4,5.999999999999999,s7,15
s7n_16,2,4,7,s7,16
s7n_17,2,4,7,s7,17
s7n_18,2,4,8,s7,18
s7n_19,2,5,8,s7,19
s7n_20,2,5,8,s7,20
s7n_21,2.9999999999999996,5,9,s7,21
s7n_22,2.9999999999999996,5.999999999999999,10,s7,22
s7n_23,2.9999999999999996,5.999999999999999,10,s7,23
s7n_24,2.9999999999999996,5.999999999999999,11,s7,24
s7n_25,2.9999999999999996,7,11.999999999999998,s7,25
s7n_26,2.9999999999999996,7,12.25,s7,26
s7n_27,2.9999999999999996,8,13,s7,27
s7n_28,2.9999999999999996,8,14,s7,28
s7n_29,4,9,15,s7,29
s7n_30,4,9,15,s7,30
s7n_31,4,10,17,s7,31
s7n_32,5,10,17,s7,32
s7n_33,5,10,18,s7,33
s7n_34,5,11,20,s7,34
s7n_35,5,11.999999999999998,20,s7,35
s7n_36,5,11.999999999999998,20.25,s7,36
s7n_37,5.999999999999999,13,23,s7,37
s7n_38,5.999999999999999,14,23.999999999999996,s7,38
s7n_39,7,14.499999999999998,26,s7,39
s7n_40,7,15,26,s7,40
s7n_41,7,16,27,s7,41
s7n_42,7.750000000000001,17,28.999999999999996,s7,42
s7n_43,8,18,31,s7,43
s7n_44,8,19,32,s7,44
s7n_45,9,19,33,s7,45
s7n_46,10,21,34.25,s7,46
s7n_47,10,22,36,s7,47
s7n_48,11,23,37,s7,48
s7n_49,11,23.999999999999996,39,s7,49
s7n_50,11.999999999999998,23.999999999999996,41,s7,50
s7n_51,11.999999999999998,25,42,s7,51
s7n_52,13,27,43,s7,52
s7n_53,13,26,45,s7,53
s7n_54,15,28.999999999999996,45.24999999999999,s7,54
s7n_55,14,30,47.99999999999999,s7,55
s7n_56,15,31,48.24999999999999,s7,56
s7n_57,16,32,51.00000000000001,s7,57
s7n_58,16,33,52,s7,58
s7n_59,17,35,53,s7,59
s7n_60,18.75,36,56,s7,60
s7n_61,19,37,55,s7,61
s7n_62,20,39,56,s7,62
s7n_63,21,39,56,s7,63
s7n_64,22,39.50000000000001,57,s7,64
s7n_65,22,41,57.99999999999999,s7,65
s7n_66,23,42,59,s7,66
s7n_67,23,42,59,s7,67
s7n_68,23.999999999999996,44,60,s7,68
s7n_69,25,43.5,60,s7,69
s7n_70,26,44,59,s7,70
s7n_71,26,43,60,s7,71
s7n_72,28,44,59,s7,72
s7n_73,28,45,57.99999999999999,s7,73
s7n_74,28.999999999999996,45,57.99999999999999,s7,74
s7n_75,28.999999999999996,45,57,s7,75
s7n_76,28.999999999999996,44,57,s7,76
s7n_77,30,45,56,s7,77
s7n_78,30,44,56.25,s7,78
s7n_79,30,43,55,s7,79
s7n_80,30,43,54,s7,80
s7n_81,30,43,54,s7,81
s7n_82,28.999999999999996,42,54,s7,82
s7n_83,30,41,53,s7,83
s7n_84,30,41,53,s7,84
s7n_85,28,40,53,s7,85
s7n_86,28.999999999999996,40,51.00000000000001,s7,86
s7n_87,27,39,51.00000000000001,s7,87
s7n_88,27,38,47.99999999999999,s7,88
s7n_89,26,37,50,s7,89
s7n_90,25.75,37,47.99999999999999,s7,90
s7n_91,25,36,47,s7,91
s7n_92,23.999999999999996,35,47,s7,92
s7n_93,23,34,46,s7,93
s7n_94,22,33,45,s7,94
s7n_95,22,33,45,s7,95
s7n_96,20,32,43.25,s7,96
s7n_97,19,31,42,s7,97
s7n_98,19,29.5,41.25,s7,98
s7n_99,18,28.999999999999996,42,s7,99
s7n_100,17,28,40,s7,100
s7n_101,16.75,26,39,s7,101
s7n_102,15,26,39,s7,102
s7n_103,15,25,38,s7,103
s7n_104,14,24.5,36,s7,104
s7n_105,13,23,36,s7,105
s7n_106,11.999999999999998,23,36,s7,106
s7n_107,11.999999999999998,22,35,s7,107
s7n_108,11.999999999999998,21,32,s7,108
s7n_109,10,20,31.249999999999996,s7,109
s7n_110,10,19,31,s7,110
s7n_111,9,19,30,s7,111
s7n_112,9,17,28.999999999999996,s7,112
s7n_113,8,16,28,s7,113
s7n_114,7,15.500000000000002,28,s7,114
s7n_115,7,15,27,s7,115
s7n_116,7,14,25.25,s7,116
s7n_117,5.999999999999999,13,25,s7,117
s7n_118,5.999999999999999,13,23.999999999999996,s7,118
s7n_119,5,11.999999999999998,23.999999999999996,s7,119
s7n_120,5,11,23,s7,120
s7n_121,5,11,21,s7,121
s7n_122,4,10,22,s7,122
s7n_123,4,10,20,s7,123
s7n_124,4,9,20,s7,124
s7n_125,2.9999999999999996,8.5,19,s7,125
s7n_126,2.9999999999999996,8,18,s7,126
s7n_127,2.9999999999999996,8,16.25,s7,127
s7n_128,2.9999999999999996,7,17,s7,128
s7n_129,2,7,16,s7,129
s7n_130,2,5.999999999999999,15,s7,130
s7n_131,2,5.999999999999999,14.25,s7,131
s7n_132,2,5,14,s7,132
s7n_133,2,5.999999999999999,13,s7,133
s7n_134,1,5,11.999999999999998,s7,134
s7n_135,1,5,11.999999999999998,s7,135
s7n_136,1,4,11.999999999999998,s7,136
s7n_137,1,4,10,s7,137
s7n_138,1,4,10,s7,138
s7n_139,1,4,9.25,s7,139
s7n_140,1,2.9999999999999996,10,s7,140
s7n_141,1,2.9999999999999996,8.25,s7,141
s7n_142,0,2.9999999999999996,8,s7,142
s7n_143,0,2.9999999999999996,8,s7,143
s7n_144,0,2.5,8,s7,144
s7n_145,0,2,7,s7,145
s7n_146,0,2,7,s7,146
s7n_147,0,2,7,s7,147
s7n_148,0,2,5.999999999999999,s7,148
s7n_149,0,2,5.999999999999999,s7,149
s7n_150,0,1.5000000000000002,5.999999999999999,s7,150
s8n_0,10,10,10,s8,0
s8n_1,0,0,0,s8,1
s8n_2,0,0,0,s8,2
s8n_3,2,2.9999999999999996,4,s8,3
s8n_4,1,2,2.9999999999999996,s8,4
s8n_5,0,1,2,s8,5
s8n_6,1,2,2.9999999999999996,s8,6
s8n_7,1,2,2.9999999999999996,s8,7
s8n_8,0,1,2,s8,8
s8n_9,0,1,2.9999999999999996,s8,9
s8n_10,0,1,2.9999999999999996,s8,10
s8n_11,0,1,2,s8,11
s8n_12,0,1,2.9999999999999996,s8,12
s8n_13,0,1,2.9999999999999996,s8,13
s8n_14,0,1,2.9999999999999996,s8,14
s8n_15,0,1,2.9999999999999996,s8,15
s8n_16,0,1,2.9999999999999996,s8,16
s8n_17,0,1,2,s8,17
s8n_18,0,1,2.9999999999999996,s8,18
s8n_19,0,1,2.9999999999999996,s8,19
s8n_20,0,1,2.9999999999999996,s8,20
s8n_21,0,1,2.9999999999999996,s8,21
s8n_22,0,1,2.9999999999999996,s8,22
s8n_23,0,1,2.9999999999999996,s8,23
s8n_24,0,1,2.9999999999999996,s8,24
s8n_25,0,1,2,s8,25
s8n_26,0,1,2.9999999999999996,s8,26
s8n_27,0,1,2.9999999999999996,s8,27
s8n_28,0,1,2,s8,28
s8n_29,0,1,2.9999999999999996,s8,29
s8n_30,0,1,2.9999999999999996,s8,30
s8n_31,0,1,2,s8,31
s8n_32,0,1,2.9999999999999996,s8,32
s8n_33,0,1,2,s8,33
s8n_34,0,1,2,s8,34
s8n_35,0,1,2,s8,35
s8n_36,0,1,2,s8,36
s8n_37,0,0,2,s8,37
s8n_38,0,0,2,s8,38
s8n_39,0,0,2,s8,39
s8n_40,0,0,2,s8,40
s8n_41,0,0,2,s8,41
s8n_42,0,0,2,s8,42
s8n_43,0,0,2,s8,43
s8n_44,0,0,2,s8,44
s8n_45,0,0,2,s8,45
s8n_46,0,0,2,s8,46
s8n_47,0,0,2,s8,47
s8n_48,0,0,2,s8,48
s8n_49,0,0,2,s8,49
s8n_50,0,0,2,s8,50
s8n_51,0,0,2,s8,51
s8n_52,0,0,2,s8,52
s8n_53,0,0,2,s8,53
s8n_54,0,0,2,s8,54
s8n_55,0,0,2,s8,55
s8n_56,0,0,2,s8,56
s8n_57,0,0,2,s8,57
s8n_58,0,0,2,s8,58
s8n_59,0,0,2,s8,59
s8n_60,0,0,2,s8,60
s8n_61,0,0,2,s8,61
s8n_62,0,0,2,s8,62
s8n_63,0,0,2,s8,63
s8n_64,0,0,2,s8,64
s8n_65,0,0,2,s8,65
s8n_66,0,0,2,s8,66
s8n_67,0,0,2,s8,67
s8n_68,0,0,1,s8,68
s8n_69,0,0,1,s8,69
s8n_70,0,0,1,s8,70
s8n_71,0,0,1,s8,71
s8n_72,0,0,1,s8,72
s8n_73,0,0,1,s8,73
s8n_74,0,0,1,s8,74
s8n_75,0,0,1,s8,75
s8n_76,0,0,1,s8,76
s8n_77,0,0,1,s8,77
s8n_78,0,0,1,s8,78
s8n_79,0,0,1,s8,79
s8n_80,0,0,1,s8,80
s8n_81,0,0,1,s8,81
s8n_82,0,0,1,s8,82
s8n_83,0,0,1,s8,83
s8n_84,0,0,1,s8,84
s8n_85,0,0,1,s8,85
s8n_86,0,0,1,s8,86
s8n_87,0,0,0,s8,87
s8n_88,0,0,1,s8,88
s8n_89,0,0,1,s8,89
s8n_90,0,0,1,s8,90
s8n_91,0,0,1,s8,91
s8n_92,0,0,1,s8,92
s8n_93,0,0,0,s8,93
s8n_94,0,0,1,s8,94
s8n_95,0,0,0,s8,95
s8n_96,0,0,0,s8,96
s8n_97,0,0,0,s8,97
s8n_98,0,0,0,s8,98
s8n_99,0,0,0,s8,99
s8n_100,0,0,0,s8,100
s8n_101,0,0,0,s8,101
s8n_102,0,0,0,s8,102
s8n_103,0,0,0,s8,103
s8n_104,0,0,0,s8,104
s8n_105,0,0,0,s8,105
s8n_106,0,0,0,s8,106
s8n_107,0,0,0,s8,107
s8n_108,0,0,0,s8,108
s8n_109,0,0,0,s8,109
s8n_110,0,0,0,s8,110
s8n_111,0,0,0,s8,111
s8n_112,0,0,0,s8,112
s8n_113,0,0,0,s8,113
s8n_114,0,0,0,s8,114
s8n_115,0,0,0,s8,115
s8n_116,0,0,0,s8,116
s8n_117,0,0,0,s8,117
s8n_118,0,0,0,s8,118
s8n_119,0,0,0,s8,119
s8n_120,0,0,0,s8,120
s8n_121,0,0,0,s8,121
s8n_122,0,0,0,s8,122
s8n_123,0,0,0,s8,123
s8n_124,0,0,0,s8,124
s8n_125,0,0,0,s8,125
s8n_126,0,0,0,s8,126
s8n_127,0,0,0,s8,127
s8n_128,0,0,0,s8,128
s8n_129,0,0,0,s8,129
s8n_130,0,0,0,s8,130
s8n_131,0,0,0,s8,131
s8n_132,0,0,0,s8,132
s8n_133,0,0,0,s8,133
s8n_134,0,0,0,s8,134
s8n_135,0,0,0,s8,135
s8n_136,0,0,0,s8,136
s8n_137,0,0,0,s8,137
s8n_138,0,0,0,s8,138
s8n_139,0,0,0,s8,139
s8n_140,0,0,0,s8,140
s8n_141,0,0,0,s8,141
s8n_142,0,0,0,s8,142
s8n_143,0,0,0,s8,143
s8n_144,0,0,0,s8,144
s8n_145,0,0,0,s8,145
s8n_146,0,0,0,s8,146
s8n_147,0,0,0,s8,147
s8n_148,0,0,0,s8,148
s8n_149,0,0,0,s8,149
s8n_150,0,0,0,s8,150
